,AMAT,AMAT,AMD,AMD,BHP,BHP,DDD,DDD,F,F,FCX,FCX,INTC,INTC,MSFT,MSFT,NVDA,NVDA,QCOM,QCOM,RIO,RIO,TSLA,TSLA,TSM,TSM,VALE,VALE,VOO,VOO
,close,volume,close,volume,close,volume,close,volume,close,volume,close,volume,close,volume,close,volume,close,volume,close,volume,close,volume,close,volume,close,volume,close,volume,close,volume
time,,,,,,,,,,,,,,,,,,,,,,,,,,,,,,
2020-09-28 00:00:00-04:00,59.31,6260486,79.52,43111531,52.74,1874323,4.79,1710523,6.695,43985784,15.895,16405678,51.45,21689039,209.61,25144753,521.4,12823864,118.48,7793149,60.5,3067588,421.0602,46468845,79.77,5615288,10.48,37147138,308.32,2376657
2020-09-29 00:00:00-04:00,59.67,4501381,81.75,59458078,51.6,4594819,4.92,4524660,6.59,72171314,15.32,24812054,51.19,16126276,207.16,19544440,528.72,14786106,117.35,4941238,60.215,4924997,418.99,47939292,80.52,11476689,10.41,53507461,305.31,2197225
2020-09-30 00:00:00-04:00,59.44,5961801,81.9301,46458134,51.7,3566851,4.9,3508832,6.65,92055328,15.63,31274600,51.77,18926132,210.32,23047500,540.895,15400089,117.68,4428546,60.41,3850541,428.97,45355318,81.07,11016860,10.58,51168819,307.61,4091286
2020-10-01 00:00:00-04:00,60.64,6330692,84.89,49642884,51.33,3357198,4.87,2757108,6.745,98263431,15.54,54171586,52.26,16538752,212.46,19324159,544.7,11931388,119.52,4199004,59.84,3094476,447.81,46917693,82.62,11386804,10.415,41588198,309.58,2823625
2020-10-02 00:00:00-04:00,58.21,5672323,81.84,48631616,51.44,3793716,4.87,3008264,6.89,101610232,15.95,41583484,51.01,18777414,206.18,24933552,522.48,11931193,115.47,4667353,60.49,4739088,415.2699,64001779,80.81,10972596,10.39,46358919,306.69,3051150
2020-10-05 00:00:00-04:00,60.61,4792765,86.14,45148897,52.18,2730693,4.98,2210936,7.02,76437587,16.32,26568940,51.7,16371564,210.37,16429213,545.7,10921975,120.54,4779311,61.21,2490418,425.5,42071439,84.54,19355676,10.76,43451278,312.0502,2271456
2020-10-06 00:00:00-04:00,60.37,5480957,84.489,48489425,50.49,8792307,5.36,10100940,6.98,136568021,15.72,34764754,51.37,18445576,205.91,21775105,549.36,17954642,119.54,6425689,59.61,5252880,413.7001,46076914,83.11,14815509,10.49,45778814,307.64,3196192
2020-10-07 00:00:00-04:00,61.12,4244719,86.69,41338926,51.93,4477103,6.35,47238769,7.24,91439527,16.87,48959323,52.65,17305739,209.81,18882800,558.56,9568684,123.03,6239410,61.21,3758027,425.19,40832057,86.92,20963801,10.75,58942955,312.99,1641170
2020-10-08 00:00:00-04:00,62.59,4463596,86.49,52691394,52.53,4279595,6.39,16155566,7.35,98377056,16.8,30414914,53.38,19920604,210.63,16705317,553.79,8629288,122.38,4203059,61.52,2653720,425.92,38297823,87.8,21227801,11.055,55817062,315.75,1651404
2020-10-09 00:00:00-04:00,63.29,5239514,83.13,73391903,52.87,2980887,6.68,12029963,7.245,92953786,17.23,28365117,52.84,19186774,215.81,21433543,550.54,7747957,124.84,8705856,62.09,7039339,433.96,27687361,88.8,14203507,11.195,50762476,318.62,2706724
2020-10-12 00:00:00-04:00,64.68,5853751,84.29,44277174,52.49,2255621,6.75,9056512,7.675,182252874,16.805,26014687,53.88,21228025,221.41,32788186,568.71,9442751,126.73,6757589,61.69,3718540,442.0,36564876,90.92,19502536,11.22,28695057,323.77,2164782
2020-10-13 00:00:00-04:00,64.68,5778006,85.26,40452174,52.05,3160798,6.63,5325875,7.765,140095753,16.81,19649156,53.82,14926682,222.83,22734128,569.91,7501614,127.46,6600253,61.09,3195290,446.65,32501386,89.6166,15584066,11.205,43381086,321.66,2138927
2020-10-14 00:00:00-04:00,63.96,4597344,84.22,38213497,51.92,3679153,6.53,3638810,7.57,105878874,16.95,16351620,53.53,15621965,220.93,18437546,563.61,5644720,129.89,11451091,60.99,2566294,461.47,45481608,88.6,14875985,11.34,57283641,319.69,1858007
2020-10-15 00:00:00-04:00,63.51,5140291,83.15,30743320,51.81,2402856,6.67,4210197,7.62,87892316,17.21,19963979,53.87,12670637,219.66,17503283,558.85,5753706,128.59,6531755,60.52,2715016,448.88,33286568,88.11,20090500,11.18,31842412,319.25,2394868
2020-10-16 00:00:00-04:00,63.0,5610975,83.19,29944390,51.66,2129695,6.77,5105042,7.67,87325119,17.16,20418525,54.165,19053151,219.65,20389051,552.46,5431694,129.03,5536465,60.05,1960827,439.91,30604148,86.7,13668336,11.09,22776122,319.02,1595703
2020-10-19 00:00:00-04:00,62.05,3745160,81.99,31015924,50.61,2757928,6.95,9276438,7.59,61009607,17.14,27735975,54.6,33359769,214.24,18867731,539.9399,5881625,128.37,4406951,59.23,3353187,430.83,30760868,87.56,13869755,11.145,29391676,314.21,1993348
2020-10-20 00:00:00-04:00,62.25,3199816,81.56,36139678,51.19,4191132,7.14,7390249,7.74,118849677,17.61,29199901,53.42,21027680,214.56,17716951,545.8199,4894928,128.3,3874288,59.59,2545865,421.97,29334383,88.24,13611016,11.085,33126335,315.42,2939731
2020-10-21 00:00:00-04:00,62.08,3582992,79.22,30440221,51.35,3289866,7.52,8088018,7.84,85951736,17.71,37323652,53.49,16227564,214.785,15789881,541.0,4469686,128.55,3147109,60.21,3626619,422.5,22771969,87.65,12519248,11.255,35740766,314.8,1581956
2020-10-22 00:00:00-04:00,61.7,5144210,79.425,33062759,51.74,3969440,8.23,18666374,8.22,132094916,18.34,38299607,53.98,24736430,214.84,17544643,534.49,6449414,128.41,3257817,59.9,2094697,425.9,36750565,88.22,10552623,11.3,38110111,316.59,2312125
2020-10-23 00:00:00-04:00,60.94,5281951,81.97,43154584,51.37,3969844,7.655,10311323,8.17,115952835,18.37,31174436,48.2,88845400,216.26,14894492,543.61,5318051,128.87,3387931,59.59,2466980,420.615,31969114,88.31,6881135,11.31,57507336,317.63,1378320
2020-10-26 00:00:00-04:00,59.51,4664627,82.2301,65272055,50.36,4239247,6.375,16772507,8.03,114570938,17.37,46495564,46.72,47032155,210.15,29374749,525.655,7094666,126.2,4828183,58.28,3493285,420.28,26973706,86.75,10594105,11.14,36042756,311.83,3262027
2020-10-27 00:00:00-04:00,58.82,3371244,78.84,133568814,49.74,3444194,6.31,5422819,7.92,122673015,17.73,30495270,45.65,40471075,213.15,25831216,535.72,5479743,125.91,3585918,57.95,3909276,424.471,21007688,86.71,10126290,11.04,49123394,310.74,2133165
2020-10-28 00:00:00-04:00,57.32,6203053,76.3636,71329115,47.7,6269018,5.98,6256859,7.72,132221960,16.87,47147690,44.2618,32544578,202.71,41576211,505.05,8036848,121.62,6790585,55.42,7338887,406.0,23252693,83.85,16141311,10.525,49396972,300.1,5201795
2020-10-29 00:00:00-04:00,59.51,4704832,78.0,49276270,48.11,5038752,6.1,6036876,7.9,213762582,17.4889,29494139,44.11,27912888,204.39,25237813,520.62,6899742,126.44,5630919,56.65,5380890,410.64,20826471,84.89,10215894,10.77,63357475,303.14,5147236
2020-10-30 00:00:00-04:00,59.23,4989416,75.3,46613697,48.1,5976820,5.69,6438593,7.7246,145771133,17.35,24161688,44.2906,34016048,202.58,27625644,502.385,8619476,123.38,6407403,56.77,4350572,388.04,40305209,83.88,8577258,10.57,63682089,299.94,4921958
2020-11-02 00:00:00-05:00,60.34,5623202,74.7,39687478,48.12,4469740,5.75,3768171,7.71,101632545,18.23,25989466,44.465,25906782,202.32,23032873,503.37,6427758,123.97,4774870,57.41,4051167,400.51,26759798,85.71,12688897,10.71,18396037,303.37,3932980
2020-11-03 00:00:00-05:00,61.82,8762693,76.57,38419321,49.56,3532474,6.24,6654057,7.885,114355334,18.76,39893742,44.84,28579253,206.12,21783493,520.79,5908434,125.41,4758261,58.83,2908812,423.74,32428696,87.695,11548271,11.005,54500163,308.65,3178243
2020-11-04 00:00:00-05:00,64.86,7726145,81.37,59878741,48.85,6608685,5.91,7688203,7.64,116739248,18.0,37457442,45.7,26254310,216.32,33010015,551.78,8730974,128.97,7188317,57.58,4406258,420.91,29547113,89.45,13660588,10.835,46921620,315.56,5392576
2020-11-05 00:00:00-05:00,69.99,11164246,83.0,42380183,50.07,4845190,6.54,7634837,7.98,110215778,18.815,30746004,45.68,23967853,223.29,28617137,566.41,6843826,145.41,25387954,58.79,3429283,438.09,26009397,90.43,11832376,11.33,47661872,321.8,3854627
2020-11-06 00:00:00-05:00,70.51,6940088,85.87,49660270,51.06,3784459,6.25,8087474,7.79,94919569,19.13,32719203,45.39,26960519,223.62,20598219,582.59,8520399,145.0,6164963,60.83,3473097,429.92,20292375,91.37,11333117,11.765,49245371,321.73,2743451
2020-11-09 00:00:00-05:00,71.3,7653062,83.08,52062966,53.1,5038879,6.86,11261901,8.2,201669479,19.8,69981911,45.6,37598108,218.34,31345985,545.41,12588207,142.49,8141353,61.56,5586882,421.39,31208837,89.03,15714352,11.79,78722433,325.69,7211855
2020-11-10 00:00:00-05:00,69.4,5890030,78.0099,62280112,53.62,3767235,7.32,9262445,8.38,154646254,19.82,31968407,45.44,29075635,211.02,37784540,510.55,14578913,140.11,10538763,62.73,5866201,410.41,28649493,87.67,15641328,11.74,79075390,325.32,3839096
2020-11-11 00:00:00-05:00,71.15,6925428,81.27,41595015,53.54,2768036,7.25,5729925,8.33,143074197,19.53,26505711,46.34,25288205,216.4,24660239,536.67,9139584,147.72,8999210,62.97,3486640,417.13,16073615,90.85,13454555,11.84,51214027,327.64,2663283
2020-11-12 00:00:00-05:00,69.8,6900299,81.82,34846490,52.11,2238005,7.38,5298287,8.21,144087254,19.53,33359856,44.96,34720500,215.47,17289434,538.5,8166159,143.91,7112611,62.06,2337826,411.73,18736964,89.82,13710126,11.49,34587807,324.59,2467343
2020-11-13 00:00:00-05:00,72.37,7932577,81.265,26668845,52.915,2689142,7.14,4632864,8.49,113851409,19.995,27303674,45.5666,22877117,217.31,12459320,531.76,7254945,144.285,4297224,62.38,1728985,406.78,17007748,92.83,14825673,11.585,50416827,328.33,1554694
2020-11-16 00:00:00-05:00,74.49,7244774,83.73,36548256,53.97,3964591,7.0896,2676124,8.74,93995564,21.0,38297693,46.195,30943417,217.39,19104246,534.11,7312484,149.15,6828924,62.81,1483988,408.09,17531777,99.0,26657720,11.77,80695500,333.02,2722925
2020-11-17 00:00:00-05:00,74.38,4796082,83.36,28261097,53.73,4470043,7.2,4336876,8.745,87531618,21.03,31654864,45.54,27850596,214.47,20050273,536.89,7284221,148.8,6426170,63.26,3677999,441.57,57792306,95.71,20232654,12.56,104653987,331.35,2918943
2020-11-18 00:00:00-05:00,75.7,9853570,82.54,28743028,53.34,2554411,7.09,4215832,8.82,143133795,20.71,22969814,45.04,28626985,210.97,23800497,537.0,9548474,147.0,9642174,63.08,2844992,486.64,75901661,96.93,15896641,12.43,44772089,327.31,2582146
2020-11-19 00:00:00-05:00,77.32,7984466,85.59,49165035,53.07,2820499,7.55,7460079,8.82,105163497,21.11,24839129,45.62,25572660,212.31,20398304,537.85,13466510,147.56,6932548,63.1,2011198,499.16,59759624,96.61,10470128,12.76,58484228,328.7199,2816824
2020-11-20 00:00:00-05:00,76.72,6733058,84.64,33897786,53.71,2327325,7.43,4169954,8.75,105307188,21.255,37303251,45.39,18598233,210.34,18107933,523.51,8114541,145.94,4643787,63.53,2338750,489.44,31084668,95.335,9909989,12.685,34681345,326.5,2069318
2020-11-23 00:00:00-05:00,80.51,7596042,85.31,45454478,55.13,4371946,7.68,4063605,8.87,131008888,21.92,39259325,46.04,23782505,210.09,19156083,525.201,7893123,143.83,10637950,65.37,3465093,521.67,46506862,98.13,14007646,13.18,95499632,328.43,2042729
2020-11-24 00:00:00-05:00,83.0099,8607299,85.06,34388322,57.86,5846738,8.41,8610698,9.45,190363993,23.11,65728563,47.0,28898718,213.86,29057043,518.46,8070493,145.94,9088596,67.65,3610292,555.86,49296561,96.66,13597601,14.01,128618025,333.68,2433584
2020-11-25 00:00:00-05:00,81.12,5040120,86.72,40133656,57.32,3080957,8.64,10078945,9.085,184689867,23.55,35058519,47.05,20897066,213.75,17654795,529.4,6124418,144.06,4748109,66.28,5246861,574.0,45026821,97.49,9909043,14.3,111888459,333.17,2203137
2020-11-27 00:00:00-05:00,82.65,2762552,87.22,22043000,57.27,2162870,8.57,5173624,9.095,53049344,23.51,22518254,47.45,14683056,215.29,11370505,530.67,3876790,143.83,3133629,66.06,2960512,585.75,34800710,98.83,8044378,14.72,63357810,334.11,1971224
2020-11-30 00:00:00-05:00,82.48,5123143,92.71,81808869,55.79,1674983,9.16,6320460,9.09,69243874,23.39,20670184,48.47,27754301,214.24,24831149,536.49,6138546,147.24,5911714,64.97,2291501,566.48,56072877,97.02,12753967,14.565,39785188,332.62,3526685
2020-12-01 00:00:00-05:00,84.28,5919343,92.61,56382032,57.74,1581105,9.04,3453124,9.24,66274482,23.626,19143718,49.56,47250744,216.21,25444010,535.6,6857005,151.37,10250595,67.51,2754733,585.19,37313883,100.86,15449724,15.63,51797131,336.27,3036340
2020-12-02 00:00:00-05:00,85.3,4520741,93.74,56824630,60.135,3371826,9.7,4300710,9.195,42746580,24.09,17476709,49.91,27489195,215.42,17971949,541.77,6652366,150.09,6144745,70.2,3855747,568.8,42857218,99.54,8267614,15.33,48848380,337.0,2254177
2020-12-03 00:00:00-05:00,86.12,4080031,92.31,34943983,61.59,2187238,10.14,3968155,9.21,47426509,24.38,22635050,51.03,34445826,214.27,19489315,536.12,4462087,149.9,4280474,72.62,2648690,593.28,38701927,99.51,7003661,15.33,34971130,336.92,2853503
2020-12-04 00:00:00-05:00,88.89,5070762,94.04,45200084,63.06,2196343,10.46,2902981,9.345,44540123,25.06,27793861,51.985,34868146,214.4,19718805,542.39,4507534,157.68,10992694,73.92,1921300,599.0,27209889,103.73,10423107,16.05,42389103,339.84,2365625
2020-12-07 00:00:00-05:00,89.15,4676079,94.08,37755049,62.51,1375826,10.21,3124765,9.22,54968373,24.575,18927184,50.22,40268481,214.32,17290027,544.43,4999374,157.96,5718872,72.99,1460248,642.0,52961574,106.39,11538719,16.28,41114114,339.19,1805358
2020-12-08 00:00:00-05:00,89.74,3713614,92.91,32486645,63.01,1614543,10.36,1857691,9.24,51859787,24.48,11823013,50.69,23811067,215.99,18248687,533.84,6249276,158.8,4630965,72.89,1590144,649.88,57528420,105.64,9701804,16.185,27657768,340.13,1877399
2020-12-09 00:00:00-05:00,87.81,5593371,89.83,50060069,62.99,1585418,10.36,2726531,9.44,57376912,24.45,15126687,50.05,26795083,211.41,25270464,517.23,8532768,155.9,6590439,72.39,1971246,604.17,68444975,104.43,7604648,16.1,28750312,337.12,2484060
2020-12-10 00:00:00-05:00,87.88,4532115,91.65,31938956,64.74,2073006,10.34,1674103,9.12,74325320,24.855,16420636,50.25,22271971,210.515,21350370,518.72,4468802,155.74,4233872,73.99,1830175,627.33,62320233,104.22,6843250,17.0,41216078,336.96,2216949
2020-12-11 00:00:00-05:00,88.31,4834163,91.64,27349527,64.52,1509619,9.91,2013875,9.02,68293173,24.61,11187363,49.75,22819849,213.27,25404751,520.65,4709831,144.28,24815364,74.14,3014556,610.0,44794782,104.03,5268678,16.85,30694124,336.57,2261261
2020-12-14 00:00:00-05:00,88.5,5306768,94.77,44855046,63.4,1793386,10.36,2263068,8.9,70253833,23.7979,12818961,50.45,23688110,214.19,22719582,532.35,6135970,146.29,9299934,74.39,2031695,639.79,50301458,103.55,5445375,16.47,29441853,335.01,2453553
2020-12-15 00:00:00-05:00,88.51,5054628,97.125,55091948,64.67,1522695,10.65,1979298,9.15,65040975,24.31,10544338,50.67,20470564,214.16,20310863,534.49,4115931,148.35,5604322,76.19,2887590,632.48,43018484,105.1,6866938,16.68,15798633,339.61,2540107
2020-12-16 00:00:00-05:00,88.54,3313519,96.83,33650241,64.87,1065841,10.82,1855475,9.04,49769805,24.38,12146438,51.12,21343711,219.19,28250581,529.49,4857748,149.72,4711205,75.9,1228136,622.67,40524638,105.19,5572594,16.945,15770202,340.14,2274669
2020-12-17 00:00:00-05:00,87.47,3737268,96.84,30413562,66.28,1622347,11.56,3442659,9.08,47146916,24.73,12364448,50.6583,16764279,219.42,24306195,533.75,4795287,149.53,5060393,76.6,1342990,655.725,53416582,103.9,7731489,17.23,27675340,342.02,2262967
2020-12-18 00:00:00-05:00,86.1,6661423,95.815,43069249,65.72,1711128,10.83,5036039,8.96,58067542,24.63,16180007,47.46,61795761,218.15,31957813,530.61,6032989,147.47,6447491,76.61,1242706,664.99,104496947,104.28,6144492,17.37,24214955,340.65,5642537
2020-12-21 00:00:00-05:00,86.42,3972950,93.24,45485366,65.58,2051642,11.02,2258494,8.9299,59058865,24.85,12511582,46.39,48380218,222.57,29644731,533.13,5977383,146.99,4538577,76.29,2368660,649.78,52689689,104.82,5950571,17.0,24565376,339.55,3588515
2020-12-22 00:00:00-05:00,85.63,3406492,93.16,34611628,64.63,1170362,11.89,2914394,8.7978,56566371,24.25,11737768,46.19,24791451,223.97,19271948,531.13,4049543,146.33,3635867,75.27,1034175,640.09,49801682,103.96,5363277,16.81,18348367,337.54,2306729
2020-12-23 00:00:00-05:00,84.03,3646195,91.535,25268108,65.63,1238250,12.209,4055030,8.98,50839500,24.85,12457023,46.57,19616296,221.02,15366146,520.2,3814270,146.96,4012853,76.13,1165054,645.98,31228561,103.75,3188874,16.83,14175197,337.89,2445708
2020-12-24 00:00:00-05:00,85.33,1184021,91.8,16358935,65.15,528673,11.54,1966911,8.855,27239494,24.79,4905539,47.07,10939666,222.71,9704782,519.71,2326566,148.73,1894675,75.88,381392,661.66,22073561,105.98,3033635,16.89,8996824,339.17,1362634
2020-12-28 00:00:00-05:00,84.88,2652198,91.62,29736434,65.31,812026,11.22,3178488,8.885,36376426,24.63,9582472,47.08,18065004,224.96,15814383,516.22,4892280,147.85,3969545,75.59,725571,663.77,29644945,106.19,4995465,16.74,18067720,342.08,2679636
2020-12-29 00:00:00-05:00,84.26,2519024,90.62,31553480,65.7,1316684,10.15,4296228,8.83,36220244,24.74,9077844,49.375,81948758,224.29,15518607,517.75,4078796,148.36,3220784,76.12,1386023,665.98,21166506,105.55,4377779,16.84,20833797,341.45,2425900
2020-12-30 00:00:00-05:00,86.98,5837782,92.27,25214942,65.95,1086088,10.69,2832390,8.86,35731779,26.54,30182219,48.74,29512726,221.68,16214759,525.45,5033633,149.971,3416208,75.99,1089330,694.71,41421498,108.9,8636141,16.96,18870695,341.86,1745448
2020-12-31 00:00:00-05:00,86.26,4928735,91.72,23980363,65.34,1098514,10.48,1998086,8.79,36693870,26.01,13858504,49.82,25275498,222.37,15660731,522.12,4220631,152.24,3854650,75.22,981719,705.21,48019909,109.01,4798816,16.77,7829626,343.62,2589798
2021-01-04 00:00:00-05:00,86.87,6569399,92.3,50507796,67.34,2548575,10.47,2172873,8.52,80476198,27.15,28243212,49.67,33968418,217.81,27651582,524.54,12699240,148.33,8416180,77.42,2421955,729.75,45293360,111.71,9813019,17.4,43157459,339.03,5014185
2021-01-05 00:00:00-05:00,89.61,5917088,92.77,32831671,69.5,3115275,10.88,1973790,8.645,67535397,28.37,23802999,50.61,21217713,218.01,18061458,536.24,6698409,152.45,6176984,79.26,2207083,735.055,28402584,112.74,10259226,17.695,37353783,341.28,3144296
2021-01-06 00:00:00-05:00,90.83,8178419,90.32,49271453,71.71,4438674,11.24,2736705,8.8422,68520361,30.16,37566623,51.11,30582647,212.22,29768110,504.96,13414494,151.19,5504166,82.82,2628211,756.46,41989335,115.6,10237526,18.15,37410433,343.43,4701118
2021-01-07 00:00:00-05:00,94.57,7545334,95.1,40915929,73.18,2122419,22.96,191024411,9.05,70837077,31.16,25602823,52.18,25059493,218.29,20366208,533.81,10627619,155.68,5090908,85.98,2821171,816.24,48080256,121.43,12843142,18.93,70417214,348.44,3501103
2021-01-08 00:00:00-05:00,95.57,7955703,94.58,38955375,73.45,2360227,23.52,132865958,9.0,57267427,31.15,26318060,51.64,28829806,219.55,18248721,531.16,6537313,156.575,5421820,86.68,2325546,880.03,71814487,118.64,18508139,18.92,41204672,350.42,3705025
2021-01-11 00:00:00-05:00,97.97,6548707,97.25,47034398,71.27,2078863,27.64,59262138,9.3,91818823,30.33,21897709,51.54,21669806,217.5,15604905,544.57,12005982,156.08,3949850,83.79,2990361,811.18,55755718,122.55,11446712,18.61,34821569,348.22,2946639
2021-01-12 00:00:00-05:00,100.01,6204285,95.35,65474748,71.95,2420193,24.24,41817668,9.775,238887777,30.98,41262033,53.23,35921903,214.93,20628633,539.4,6628513,154.43,3868544,84.02,3299591,849.22,43550554,122.96,26061376,18.7,47528155,348.2,2235336
2021-01-13 00:00:00-05:00,98.04,4433132,91.76,57503643,71.07,2658966,23.49,20505749,9.78,170006163,30.56,38232492,56.94,101162864,216.41,16242982,541.22,4712929,157.42,4579466,81.76,3947822,854.42,31050197,119.27,39810864,18.15,41313192,349.04,3009076
2021-01-14 00:00:00-05:00,105.81,10548388,90.79,51843612,73.88,2052843,32.0,35360507,10.17,109783187,31.995,20756102,59.26,66717646,213.02,22710694,527.83,6435675,160.85,8905375,84.84,1563476,844.21,29982086,126.29,34992522,18.935,24812759,347.88,3438115
2021-01-15 00:00:00-05:00,103.15,7243103,88.1502,47390574,70.61,1716936,28.2518,20073767,9.83,97933642,30.36,19316781,57.59,42970707,212.58,24935913,514.38,6260635,157.0,7511468,80.47,1909227,826.16,36516827,125.24,16395447,17.64,33115891,345.34,3551537
2021-01-19 00:00:00-05:00,109.23,8019755,89.45,42927265,71.46,3116478,30.99,15330014,10.03,74426535,31.7,17850339,58.0,25801834,216.44,21271315,521.01,4630213,163.77,6011005,81.6,1511168,844.5,23300603,131.31,19218732,17.61,28663991,348.05,3117437
2021-01-20 00:00:00-05:00,107.84,8949721,88.75,33295667,72.79,2255695,30.69,8871771,10.86,119179802,30.97,16137320,58.65,24054200,224.18,32897784,534.52,5808181,164.48,6578222,82.67,1388406,850.65,23470840,130.71,17011567,17.45,21635974,352.87,2880498
2021-01-21 00:00:00-05:00,107.98,5689681,91.5398,50417582,72.34,1972705,31.37,6358338,11.5278,274295354,30.03,15934726,62.47,74145513,224.9,24356192,554.7,7912538,164.76,4320831,82.39,1266740,844.97,18601595,134.17,13907915,17.48,32760385,353.19,2465602
2021-01-22 00:00:00-05:00,106.28,5321443,92.76,68816060,71.8,1847027,34.49,15706859,11.52,123061015,30.485,16244535,56.65,79195657,225.84,25777676,548.5,5664833,162.43,4379765,81.41,1244962,846.5,17732312,129.18,17570813,17.215,22840276,351.88,1780723
2021-01-25 00:00:00-05:00,108.17,7626234,94.1499,52296315,71.22,2205884,36.53,12054605,11.285,111706144,28.98,28128937,55.45,58117462,229.52,28689887,546.39,5801720,164.37,4502526,81.1,1163648,880.81,37892533,130.51,19989906,16.95,15838094,353.35,3535208
2021-01-26 00:00:00-05:00,105.53,4913899,94.71,47520917,71.79,1789824,37.2,8088853,11.19,64300302,27.01,32202590,55.22,28389145,232.5831,36339224,537.41,3664562,162.64,6039729,81.14,1385104,883.46,22006144,126.66,16762944,17.17,23995101,352.71,2385757
2021-01-27 00:00:00-05:00,98.48,8226052,88.9,69896274,69.25,5410985,42.26,11588744,10.795,79301855,25.78,36364543,53.58,38709611,233.09,62401253,517.05,8394453,153.68,8245240,78.72,2367708,864.65,21415412,121.74,15874027,16.52,28649565,344.24,4837800
2021-01-28 00:00:00-05:00,101.15,6251681,87.515,44634075,69.3,2992151,37.91,11612545,10.72,71694916,27.78,25608368,56.07,45389138,238.93,41216251,521.93,5081366,155.39,5911857,78.5,1613712,835.48,24222992,125.84,13053310,16.74,25359342,347.08,3085804
2021-01-29 00:00:00-05:00,96.64,6786915,85.62,53007733,66.78,2182700,35.8101,6639423,10.52,68387507,26.9,18417868,55.48,23206054,231.81,35216615,519.03,6135774,156.28,7038811,76.36,1864008,793.311,20189293,121.58,14348165,16.16,20941014,340.23,5248601
2021-02-01 00:00:00-05:00,101.16,7380065,87.67,40833420,68.34,2782399,38.94,7656304,10.84,151806560,28.22,21154430,56.68,23237644,239.59,28891229,529.48,4754048,161.68,7014418,78.47,1676532,840.0166,24005893,126.65,9475014,16.73,25024855,345.77,3235652
2021-02-02 00:00:00-05:00,103.59,4249294,88.86,32489118,67.11,2314051,38.89,4429737,10.85,74847316,28.14,17347703,57.99,20741185,239.48,22111183,542.28,4953201,164.86,5950128,77.01,1667958,872.79,22980206,128.36,8915688,16.37,31207861,350.75,2827677
2021-02-03 00:00:00-05:00,99.82,4700972,87.9,31100512,67.035,2296867,43.71,9732487,11.19,77467743,29.19,18316740,57.69,18015429,242.94,23166496,541.12,5733333,162.41,9181868,77.53,1762828,854.7,17541681,127.42,9336038,16.9,37390188,351.12,3098360
2021-02-04 00:00:00-05:00,103.26,5738655,87.88,28817234,66.99,1260840,44.41,5208194,11.38,91253340,29.8,14960710,58.8,23281133,241.9,21079857,546.57,4496185,147.96,44290616,77.52,1137008,849.99,15232160,128.08,6744730,16.5,30418159,354.98,1906217
2021-02-05 00:00:00-05:00,100.7,4967626,87.82,27393655,67.8,2088529,47.89,5710034,11.51,102264297,31.72,28430053,58.14,17739800,242.2,14826950,543.401,3694387,145.83,23286694,78.48,1451345,852.61,17486867,127.78,5849449,17.25,23175987,356.415,2103410
2021-02-08 00:00:00-05:00,106.2,5521602,91.46,45613717,69.65,1678816,52.31,6831560,11.5599,72465596,32.11,16758403,59.2,20512866,242.47,14525276,577.51,10059382,147.38,11005359,80.31,2588611,863.3,18036775,132.54,10754364,17.65,37040738,359.02,3367368
2021-02-09 00:00:00-05:00,105.37,4115018,90.91,36612853,69.68,2450376,55.28,6946291,11.93,96778433,32.01,17775705,58.78,24615765,243.8,20027383,570.25,6769489,146.1,11061234,81.52,2896674,849.25,14637362,132.72,7819851,17.64,25218339,358.8,1897449
2021-02-10 00:00:00-05:00,105.87,4568195,92.36,41592186,69.81,2273892,51.47,7122377,11.765,70067360,31.24,35803801,58.8817,13916256,242.81,18932499,590.57,11455357,145.49,11085116,83.06,2880669,805.0,35012591,133.67,11734616,17.66,27476321,358.67,2377077
2021-02-11 00:00:00-05:00,112.99,11329021,92.69,34419540,69.71,2345934,49.85,5861864,11.44,52505195,30.99,14125668,60.66,24898331,244.52,12633636,610.21,10664620,145.57,10939382,82.27,1742468,811.65,19600887,139.04,12040787,17.37,16262858,359.23,2075742
2021-02-12 00:00:00-05:00,116.7,7481019,93.79,37049231,70.39,1619897,47.9,5212336,11.45,42189943,31.23,11452550,61.84,24381399,245.06,12741272,598.64,8813129,147.98,8325174,83.75,1476026,816.04,22494684,138.05,10773227,17.5,10231167,361.04,2118381
2021-02-16 00:00:00-05:00,118.31,8083553,91.47,33423148,75.46,3967277,47.86,4206852,11.53,46168021,32.9,28315067,62.46,20753013,243.71,19501800,613.21,7306324,147.16,8563483,87.67,2462812,795.99,18606374,140.05,11742962,18.03,17202476,360.75,4176984
2021-02-17 00:00:00-05:00,115.64,6742844,89.94,31460711,75.57,1879986,45.06,4886068,11.48,46125639,34.17,26847060,61.84,16611161,244.26,17633314,596.24,6520724,144.73,9548663,87.5,2382177,798.25,24693013,136.29,11876324,17.87,29008692,360.81,3192254
2021-02-18 00:00:00-05:00,113.29,7019375,88.64,34840525,75.79,1980446,41.41,5372785,11.43,35994896,34.15,18069778,61.61,16174149,243.79,14063155,593.16,5277063,143.84,7471238,88.09,1708127,787.3,16958719,134.63,11042734,17.98,22237962,359.27,2837200
2021-02-19 00:00:00-05:00,119.6,19594318,89.58,28486054,76.13,2796985,43.25,3893310,11.58,45470222,37.48,38739263,63.01,23925977,241.03,21543205,597.2,6206727,144.95,8659832,89.98,1917529,781.5,18042330,136.63,9448940,18.22,29528645,358.6,2642067
2021-02-22 00:00:00-05:00,115.23,6658863,85.39,35625633,77.55,2735816,40.34,4296540,11.7,59841975,38.09,32677754,60.71,28720212,234.6,30391961,574.23,7111261,139.46,10520639,90.4,2796154,714.71,34459602,133.59,9946398,17.53,39928721,355.88,2869598
2021-02-23 00:00:00-05:00,116.14,8870482,84.74,48775590,78.65,3207998,36.46,7581541,11.625,70126177,37.85,25248050,61.12,25015212,233.27,27136326,565.65,9157155,137.04,13273721,90.47,2442327,698.65,62398793,129.09,17229505,17.9,28853281,356.23,5252760
2021-02-24 00:00:00-05:00,122.82,8876366,86.94,39367213,79.74,2518209,37.44,5415463,12.265,91910665,37.89,24368518,63.2,21316733,234.54,21785463,580.0,8643051,141.045,11357300,91.7,1698498,742.02,34346288,132.33,12171907,18.045,19835115,360.17,3243887
2021-02-25 00:00:00-05:00,113.85,9842083,82.395,53427463,78.03,2391389,35.91,4145748,11.765,71498233,35.69,23840894,60.39,31128661,228.83,33992522,532.3,18980205,135.3,11215636,90.05,2306968,682.6,36814146,125.94,12818945,17.41,31079973,351.54,6964872
2021-02-26 00:00:00-05:00,118.19,8888553,84.51,43453786,75.87,3291810,35.85,3281073,11.7,62562996,33.89,35549925,60.68,26188565,232.19,29878303,548.2,11106336,136.19,9837081,87.39,3453801,671.01,36281006,126.17,16205078,16.905,28701127,349.63,7198960
2021-03-01 00:00:00-05:00,122.35,5989679,86.41,31110935,78.75,2310480,38.73,3505534,11.98,40917147,34.9,20822783,62.88,24090565,236.94,20744175,553.77,8133236,139.5,8069272,89.8,2268144,718.43,25668436,129.11,9302740,17.52,33595639,358.07,3658845
2021-03-02 00:00:00-05:00,117.5,5369145,84.12,32162320,80.09,3131239,31.12,7733449,12.55,98889733,35.2,20564579,61.23,19686738,233.87,19279808,536.0,6139967,137.01,7713028,91.32,2551569,686.05,22603566,126.02,7112461,17.955,34529776,355.38,5466089
2021-03-03 00:00:00-05:00,115.46,6388950,80.85,42616896,81.0,3710667,27.415,7808699,12.174,75284049,35.01,17463867,59.87,24255077,227.55,29197735,512.38,8782441,131.66,13501373,90.85,2054794,652.22,28458545,122.72,9970344,17.88,38836975,350.69,5491517
2021-03-04 00:00:00-05:00,108.13,11337063,77.79,58074683,76.04,4980214,25.63,8612398,11.93,83349361,32.7,36718479,58.34,36014941,226.9,40642140,494.81,13382779,127.8,14555234,81.9,3693462,621.49,64229830,115.59,23276374,17.495,35928084,346.33,6403912
2021-03-05 00:00:00-05:00,113.48,8313886,78.53,57010466,76.37,3670501,24.735,7863397,12.26,74508043,35.0199,30173189,60.73,34320284,231.58,37372002,498.48,12866722,129.75,11978890,83.64,3783939,597.496,87887363,120.79,16416710,17.74,39883296,352.66,6669582
2021-03-08 00:00:00-05:00,105.63,10861476,73.95,51996618,75.7813,2417040,22.82,5458421,12.65,79999290,34.43,23240629,59.84,24959821,227.42,31225291,463.73,12805224,123.18,13569183,83.41,2345410,562.97,49103227,113.93,16600489,17.23,47077629,350.96,5413328
2021-03-09 00:00:00-05:00,114.26,10017153,78.52,41826630,75.63,4883708,26.01,7309267,12.58,59364544,33.86,23020808,62.67,28393282,233.68,26775805,500.76,11853130,129.11,10216285,81.9,4303330,673.58,64124807,116.38,16777693,17.01,35299544,355.65,4680989
2021-03-10 00:00:00-05:00,112.65,8234014,77.48,43782678,72.97,3232809,26.5,4603842,12.91,57003183,34.45,19339555,62.23,24300268,232.39,27118932,498.73,8956604,127.85,11412017,80.2,2840411,668.27,57415384,113.73,14760840,17.23,42984230,358.07,4424358
2021-03-11 00:00:00-05:00,117.25,5837654,81.23,42036295,74.08,1948194,29.9,4942166,12.81,54547000,37.47,25157538,63.32,25616010,237.26,23723386,519.78,6738365,131.73,10548211,82.5,2647864,699.6,34074629,120.59,13005980,18.02,29783733,361.77,3127225
2021-03-12 00:00:00-05:00,114.3,6098705,81.05,30301282,74.58,2191049,31.18,5289951,13.365,84420474,37.43,19125772,62.89,17930133,235.8,19053720,514.24,5334566,129.97,8714375,81.26,1700152,693.84,31862791,118.26,7862591,17.63,21971508,362.29,4281926
2021-03-15 00:00:00-04:00,114.88,5997390,82.51,36880035,73.03,2331591,32.74,4790592,13.2,60235752,36.96,17497073,63.8,16430433,234.81,21493073,528.12,4892462,131.64,6571960,79.58,3373924,707.94,28269001,119.09,8456896,17.24,19815600,364.52,2869244
2021-03-16 00:00:00-04:00,118.52,9516223,82.78,40489996,71.85,1996066,29.85,5063966,12.485,119923980,34.99,20561514,64.79,26955179,237.69,23711872,531.38,6307506,133.68,9278130,78.79,2199546,676.63,31258483,119.34,10376213,17.21,17417994,364.07,3412380
2021-03-17 00:00:00-04:00,119.94,6308143,82.64,34914556,71.56,1854307,32.24,3011295,12.685,104168283,36.11,21647446,65.78,26367233,237.19,21121248,533.98,5573622,133.935,8617210,78.71,3743880,701.54,37888931,118.72,9613195,17.56,20898686,365.29,3581898
2021-03-18 00:00:00-04:00,114.23,7713823,78.13,48832933,69.88,1690937,29.84,3172328,12.49,73469606,35.42,20609357,63.72,24649779,230.72,29621509,508.79,6712135,129.74,8337982,77.57,3024885,653.3,31802623,114.55,9695128,17.28,21651471,359.92,4516418
2021-03-19 00:00:00-04:00,114.75,7456443,79.07,37046285,68.8384,1943871,28.87,4928070,12.825,70999349,34.97,24391256,63.73,32700052,229.91,28164302,513.83,5763699,131.11,7978998,76.54,2254245,654.97,37974884,113.63,9352875,17.25,29265404,359.23,4891405
2021-03-22 00:00:00-04:00,119.41,9767041,80.29,34149414,69.17,1902714,28.97,2479399,12.86,67640667,35.0,15850898,65.66,27189513,236.04,22043621,527.45,6305923,134.08,7103470,76.04,2102374,670.0,36961750,117.17,7995848,17.01,23746004,362.125,3319142
2021-03-23 00:00:00-04:00,116.43,6973141,78.4,37992034,67.54,2460238,26.28,4198569,12.215,67986533,32.2,33500694,63.48,25819631,237.53,26263248,522.75,5053920,132.52,6340271,74.3,2221737,662.475,27199416,114.905,7400535,16.59,37419009,359.37,4064706
2021-03-24 00:00:00-04:00,121.01,18697891,76.45,41348044,67.99,2196898,24.65,3921000,12.135,50922739,31.62,25769751,62.01,68481060,235.46,21776897,505.72,5516185,127.16,9306076,74.76,2596762,630.12,31877075,108.9862,22474786,16.69,24892812,357.48,3790342
2021-03-25 00:00:00-04:00,119.72,9635930,76.23,41907093,67.64,2501214,26.96,3997097,12.32,51004823,31.11,36083269,62.005,30082963,232.32,28875231,501.19,6830313,127.32,9435435,75.05,2190222,640.09,36962396,110.46,14548144,16.33,30134070,359.42,5129637
2021-03-26 00:00:00-04:00,128.72,12267059,77.41,43851370,70.38,1958855,26.98,2643146,12.3,42478049,32.98,20917328,64.88,28392962,236.48,18688030,513.83,7593336,133.05,8664717,78.08,2175015,618.8299,29641245,116.57,10466390,16.73,26265384,363.96,2879389
2021-03-29 00:00:00-04:00,125.75,8725631,77.15,35867620,69.82,1739391,25.11,2558825,12.145,39713186,32.1,17980665,64.51,21638650,235.27,18925230,518.07,5982066,131.27,8034809,76.97,2077472,611.51,27286657,114.4,10068458,16.95,18138482,363.79,2851779
2021-03-30 00:00:00-04:00,126.54,6953189,75.96,37559412,69.69,3643741,26.1,2184150,12.455,44027066,32.67,14560357,63.78,16949934,232.26,20255981,514.57,4336321,130.2,6067994,77.79,1808740,636.15,37472280,115.01,7586772,17.01,19161153,362.52,3378724
2021-03-31 00:00:00-04:00,133.62,15977531,78.52,40602141,69.39,1872529,27.47,2428649,12.26,53735841,32.929,13461628,64.08,25019221,235.92,32556532,533.95,6716820,132.6,6158076,77.63,2144454,668.11,31100505,118.24,8813209,17.39,24468549,364.3,4829084
2021-04-01 00:00:00-04:00,141.6,14627000,81.11,38034151,69.54,1962644,27.04,2652101,12.165,58356765,33.76,15087750,64.56,24615256,242.39,26231667,552.73,6942726,137.82,12434405,77.98,1765754,661.33,33557938,124.8,16173331,17.13,19972342,368.16,4461910
2021-04-05 00:00:00-04:00,143.11,13127161,81.43,30460901,71.14,1260003,27.04,2052184,12.705,76727061,35.34,17493496,66.53,19861285,249.07,32443402,559.4,5405865,140.37,9721369,79.86,2298285,691.0,38597435,124.49,13156556,18.29,34388885,373.47,3464806
2021-04-06 00:00:00-04:00,139.58,16852545,81.44,27852285,69.87,1439886,26.2791,2442388,12.915,62267065,35.01,16609900,65.57,17369670,247.87,18765691,554.34,4076188,138.05,7715821,78.77,1822238,691.44,27094999,122.44,11506817,18.31,21895649,373.27,3028244
2021-04-07 00:00:00-04:00,139.11,12371389,82.19,34030824,71.17,2005089,24.42,2606494,12.72,39240607,33.9776,14847687,66.24,15291118,249.89,19347121,565.74,5513763,139.44,6103444,80.035,1972909,671.03,25217405,119.89,10090628,18.65,28174962,373.755,2557118
2021-04-08 00:00:00-04:00,139.35,8893335,83.4001,38852583,71.19,1101197,24.08,1723691,12.51,46006724,34.37,14118722,67.05,14928613,253.26,19762070,572.91,5499077,140.35,5972326,80.2,1800398,683.77,22310546,123.47,9175947,18.83,23265998,375.49,3734956
2021-04-09 00:00:00-04:00,138.92,7822348,82.7501,30622761,70.72,1547356,23.9,1402568,12.51,37426577,34.03,12752521,68.26,21282734,255.83,19927737,576.0,4006318,140.6,5037147,79.38,2272033,677.02,20359010,122.78,6396453,18.215,18817625,378.21,2450853
2021-04-12 00:00:00-04:00,134.98,10214291,78.62,59012596,70.02,1294125,22.14,3330538,12.39,34034459,33.67,11321555,65.4,45330788,255.96,20483941,608.3,20803112,137.47,9400465,78.95,1708679,701.5501,27539359,120.92,9291223,18.095,19437872,378.37,2522471
2021-04-13 00:00:00-04:00,135.1,7301255,80.19,34153985,70.27,1286243,23.05,3132476,12.2,47680962,33.74,9892421,65.23,22503213,258.49,18954468,627.27,15727450,137.3,6258527,79.5,2021460,762.35,42500304,121.22,7768721,18.18,16275777,379.41,2832591
2021-04-14 00:00:00-04:00,134.15,6939894,78.55,31883530,72.71,2366948,22.99,2757334,12.25,45280431,36.32,33193569,64.23,18708831,255.91,18599910,611.13,8605571,134.75,6902866,81.74,2739662,732.81,45997263,120.86,8698497,18.91,24624907,378.26,3099137
2021-04-15 00:00:00-04:00,134.41,7284334,83.02,65512410,74.06,2198437,21.02,4610075,12.24,32317017,37.83,25642702,65.04,20566051,259.56,19447934,645.48,13970664,137.81,10278100,83.78,2090242,738.85,26407244,118.3401,17613757,19.3,24967194,382.23,3384258
2021-04-16 00:00:00-04:00,133.73,6740226,82.17,43664250,73.75,1432253,21.35,3279288,12.24,29951744,38.15,17745740,64.75,18884919,260.74,19589351,636.5,7578435,138.21,5107295,84.78,2360967,739.78,26925128,118.85,8653532,19.53,25541277,383.65,2663361
2021-04-19 00:00:00-04:00,130.87,11041653,81.12,35156101,74.12,1374749,18.94,5560022,12.115,33935599,37.33,19377609,63.64,17501966,258.96,17224449,614.342,9216798,135.27,6848356,86.3,3507803,715.0,37393086,115.4,11693204,19.43,26471646,381.82,3633745
2021-04-20 00:00:00-04:00,128.65,6788397,79.265,33468342,72.45,1534268,19.35,3298891,11.45,78379706,35.87,19767531,62.71,14842786,258.28,16158371,606.84,7522219,133.39,5478710,84.72,2889648,718.79,34255500,114.94,8586502,19.16,24180959,378.95,3880756
2021-04-21 00:00:00-04:00,135.06,10801581,81.6,32578386,73.93,2830974,21.65,4676243,11.73,45554861,35.9,20487654,63.66,14747338,260.61,18385034,614.42,4657401,136.19,5835523,86.02,3013009,743.91,28236773,117.4696,7638651,19.43,18920847,382.5,3480610
2021-04-22 00:00:00-04:00,131.75,10390627,79.07,36951068,72.58,2546359,21.58,5094914,11.9439,63231643,34.74,22511379,62.57,29015144,257.2,21804009,594.01,6354270,132.98,7188775,84.03,2931982,719.78,34322506,115.26,6809153,19.46,29253448,379.08,3767100
2021-04-23 00:00:00-04:00,134.85,6872031,82.75,46877020,74.665,1644460,22.16,2284074,12.2137,48361233,36.53,21295630,59.25,71451258,261.13,16585788,610.62,5005671,135.4,6337580,86.43,1938731,729.4,25786127,118.65,6636215,19.665,16445842,383.05,3592295
2021-04-26 00:00:00-04:00,137.28,6626674,85.46,54216840,75.68,2089238,23.11,2611641,12.27,36986870,39.06,24244177,58.74,33913465,261.55,16202396,619.16,4512201,138.99,8747961,88.25,1984179,738.0,25742500,121.505,7730706,19.95,22536995,383.94,2862772
2021-04-27 00:00:00-04:00,136.79,4467295,85.28,53381617,74.56,1946722,22.96,2164704,12.4901,38466197,38.69,18164386,57.97,29595360,262.18,22257329,615.27,3765879,138.07,8081062,86.9113,1937667,704.74,27617168,121.27,5044002,20.31,27982235,383.69,3056240
2021-04-28 00:00:00-04:00,135.73,5439394,84.02,104658268,75.71,1321213,22.83,1109053,12.44,54725766,39.3541,16734368,57.61,27080716,254.71,42135902,611.32,4596982,136.63,10138829,87.57,2093231,694.46,20641381,119.6,5290873,20.96,31850220,383.67,3412921
2021-04-29 00:00:00-04:00,135.39,6032959,83.93,48740011,74.77,2376304,22.01,2064807,11.255,221903204,38.4,18015731,58.29,19217851,252.46,36860322,613.06,3820464,142.68,19011765,87.53,2052037,677.03,27872102,119.0703,6993433,21.06,31242133,386.1,3932977
2021-04-30 00:00:00-04:00,132.72,6716248,81.62,43492137,72.76,1461469,21.52,1896115,11.535,81592528,37.71,12051291,57.55,24239357,252.27,25046626,600.29,3906041,138.82,9378827,85.06,2104378,709.89,38558089,116.78,7017806,20.1,33721633,383.62,4327277
2021-05-03 00:00:00-04:00,132.85,7017154,78.55,63240169,74.1,1058221,20.45,2397890,11.625,57424620,38.7,21829821,57.26,19420412,251.8801,16462633,593.38,4616630,137.42,6591998,86.95,1972082,684.93,25942028,115.87,6739289,20.09,21462036,384.4,3881488
2021-05-04 00:00:00-04:00,128.7,12726772,78.6294,55663730,74.57,1192849,19.53,2484069,11.42,65196552,39.25,24227728,56.95,29454633,247.93,25876016,574.14,9216792,134.19,10092073,87.16,2992131,674.18,27516136,115.39,8723086,20.39,25235858,382.1,5210659
2021-05-05 00:00:00-04:00,130.28,6330625,77.84,38863766,77.19,1749564,19.03,2058963,11.62,60011529,41.54,35436991,56.84,17212690,246.51,17885897,578.41,6624354,134.74,4898341,90.4,3532489,671.28,20235944,115.4,6316472,20.73,25687088,382.16,4170614
2021-05-06 00:00:00-04:00,131.74,6304820,77.89,36552852,78.37,1735021,18.38,3294261,11.735,45695397,42.07,23597869,57.1917,17706390,249.71,21618859,580.94,4363309,136.0,6572642,91.36,3299625,663.7,26208469,116.98,7582018,21.85,39927662,385.1,4260133
2021-05-07 00:00:00-04:00,132.95,6611817,78.82,35198584,79.4,1569846,19.21,2282251,11.82,37900295,43.96,31187339,57.67,16714373,252.33,19404860,592.55,4888236,137.89,6033972,93.165,3004903,671.9,21700366,116.83,9211040,22.08,31501591,388.02,3326826
2021-05-10 00:00:00-04:00,124.61,9155867,75.98,42808588,80.83,2584526,17.77,4131766,11.72,48665033,42.74,49482049,55.99,22375757,247.27,19158089,570.5,5812720,128.96,15436206,93.8,4019117,629.16,29687966,112.25,11048723,22.05,41387245,384.23,5078571
2021-05-11 00:00:00-04:00,123.55,14270534,76.84,48719386,80.7,2245379,24.02,58846841,11.58,53099938,44.8,38706177,55.04,31441276,246.228,27539626,572.25,6565039,128.4,10957376,94.64,3834085,617.04,42206894,112.78,9242171,22.72,41206973,380.81,6782045
2021-05-12 00:00:00-04:00,114.92,16989773,74.6424,39984030,79.05,2123757,21.02,14856301,11.325,51254264,42.755,37471039,53.62,24851586,239.03,30006907,550.29,6691417,124.64,11643410,92.73,2811997,589.8,31586316,108.18,13912429,21.67,34023848,372.71,7424494
2021-05-13 00:00:00-04:00,119.89,12629425,73.09,45329434,77.6875,2134183,20.15,8789206,11.55,53780296,41.9899,33119047,53.9999,25044163,242.88,25036009,546.65,6425214,127.17,9173937,90.04,3620917,571.76,42005806,108.78,9743136,21.27,37925306,377.15,6935624
2021-05-14 00:00:00-04:00,124.84,10675644,74.54,35831274,77.47,2062656,22.33,5252138,11.8399,46013724,42.29,20454632,55.33,22099303,248.15,19288997,569.66,5665040,130.15,8031981,88.25,3091906,589.72,31551180,112.47,7226110,21.03,28897288,382.71,4974996
2021-05-17 00:00:00-04:00,123.56,7088337,74.65,39259152,78.69,2062280,22.7,6626787,12.155,49267148,44.18,24435218,55.34,13541903,245.18,18781355,566.77,4818845,129.81,5097637,90.63,2280399,576.83,30708664,109.81,9881956,21.58,36424831,382.03,3562055
2021-05-18 00:00:00-04:00,121.81,5955769,74.45,30284184,77.49,1788634,24.97,14571068,12.1499,67959101,43.64,21933908,54.86,14795614,243.02,15699048,560.5725,4243935,128.91,5926129,89.43,2176455,577.88,35446228,110.85,6847359,21.91,39035533,378.72,2944315
2021-05-19 00:00:00-04:00,124.88,9093527,76.24,71323078,74.1,2689182,24.695,7211312,12.12,64694425,40.7289,40430757,55.37,17479547,243.14,20385227,562.97,7628866,130.67,6626668,86.14,3393102,563.29,36857757,112.38,6567735,21.105,47833489,377.785,4855045
2021-05-20 00:00:00-04:00,130.27,15661000,78.1,44921827,74.11,1803367,24.95,4708888,12.48,97688568,41.22,22207215,55.95,16803922,246.48,16244493,584.5,7312140,132.63,8036818,86.58,3983552,586.7,28905498,113.29,5891366,21.06,27865517,381.62,4502184
2021-05-21 00:00:00-04:00,128.65,13096987,77.18,37469679,73.35,1368964,27.14,10961266,13.335,190842842,40.88,19251785,56.09,14542965,245.19,17576222,599.69,15335213,131.46,7351704,85.65,1949611,580.89,24381522,111.82,5354471,20.45,34624983,381.54,3396739
2021-05-24 00:00:00-04:00,134.58,10372276,77.44,31412753,73.06,1283564,27.95,7337729,13.06,102122976,41.56,12440125,56.96,15344356,250.85,16442636,624.48,12603203,132.91,5581994,85.69,1490872,606.87,32962349,113.62,6025159,20.6,22749195,385.32,2659348
2021-05-25 00:00:00-04:00,137.5,10966038,77.8652,43964551,71.91,1861914,26.97,5665608,12.8054,108066784,40.68,15916788,56.88,18052769,251.85,14091554,625.94,9907264,133.76,5852827,84.07,2237309,604.7,26785700,114.29,4944965,20.12,36607281,384.51,3827088
2021-05-26 00:00:00-04:00,136.91,8832827,78.34,28515168,72.47,2021618,29.35,6562467,13.9,214459055,41.33,16561174,56.95,12181568,251.5,12669689,628.21,7024924,133.09,5074755,84.8,1673211,619.19,27563527,116.0,5899803,20.7,32035149,385.22,2471425
2021-05-27 00:00:00-04:00,137.99,5994761,78.4,29321575,74.28,1529194,30.92,5320363,14.885,259164148,42.575,23233347,57.81,18337551,249.7,13860511,619.67,11761934,133.78,4447679,87.765,2722612,630.6,22789393,115.77,5207037,21.19,39204600,385.82,2829042
2021-05-28 00:00:00-04:00,138.13,5352486,80.1,38926159,74.11,987471,29.44,6490662,14.53,141622031,42.72,12874986,57.12,16170452,249.79,14117233,649.8,15268212,134.5416,5320184,87.43,1652945,625.71,21525163,117.36,4767144,21.52,37971342,386.14,2989968
2021-06-01 00:00:00-04:00,138.2,8172772,80.8,41575624,76.3,1820431,28.99,3609828,14.81,83200280,44.2,20724527,56.91,16971037,247.38,18409845,650.59,10915414,133.93,5683980,90.77,3921661,624.03,17155669,118.51,6880051,22.195,39826043,385.79,3450288
2021-06-02 00:00:00-04:00,139.01,5701164,81.99,33784147,76.255,1262039,32.33,6547593,14.9,72766581,43.335,13335360,57.49,13278349,247.33,16805793,671.245,14245330,133.82,5287623,90.24,2278392,605.0001,22315710,118.93,4634811,22.69,42481594,386.49,3091198
2021-06-03 00:00:00-04:00,136.38,7450791,80.27,27741701,74.96,1081251,30.2,4739859,16.0001,168681043,41.865,19135860,56.23,18736216,245.71,20929767,678.67,13465435,131.76,5489500,88.49,2524998,572.825,28308048,116.826,4321505,22.405,25519244,385.09,3161557
2021-06-04 00:00:00-04:00,139.86,5760286,81.57,24661996,76.11,934508,30.0,3231828,15.9601,140827381,41.73,14595529,57.37,16322257,250.78,20939253,703.07,14631371,134.34,5403261,89.76,2344842,599.35,22616463,119.62,4946838,22.46,18947927,388.53,2054784
2021-06-07 00:00:00-04:00,138.97,4654583,81.33,25756477,74.83,996814,31.39,2921420,15.875,84837018,41.26,15794893,57.09,12582013,253.87,18401080,704.92,13715922,133.3,3901849,88.12,2203105,605.0,21385238,118.22,3669343,22.3,23450123,388.19,2325799
2021-06-08 00:00:00-04:00,135.849,7075776,80.88,25835849,76.01,1597693,31.14,3257368,15.63,88567669,41.36,14011490,56.99,19235915,252.54,17536478,698.29,7448693,134.14,7259050,88.61,1485174,603.5,24177565,115.93,9913024,21.88,25770795,388.22,2240541
2021-06-09 00:00:00-04:00,134.68,5859583,79.96,26558237,74.42,1706570,29.84,3077182,15.485,55904052,40.6959,12602358,57.01,10857727,253.62,15076631,694.275,9101841,132.885,5089760,86.87,2160271,598.78,15868276,117.13,6058129,22.15,30557007,387.63,2680519
2021-06-10 00:00:00-04:00,137.17,4925904,81.55,27151756,75.25,1442662,29.3,2414260,15.12,71481547,40.13,15423210,57.37,15927151,257.24,20639314,696.8,6702187,134.24,4429745,86.86,1952313,610.12,22869571,118.22,8090762,22.23,33852377,389.33,2472884
2021-06-11 00:00:00-04:00,136.82,4771554,81.3,23080822,75.88,941751,29.8476,2288389,15.28,45070337,40.85,18526045,57.85,14372317,257.88,15766929,712.85,9915730,134.63,5307321,87.48,1452220,609.89,15192626,118.29,5750779,22.4,22231575,390.1,2083033
2021-06-14 00:00:00-04:00,139.03,5422810,81.55,25904560,75.49,1269047,29.38,2600162,14.88,76048410,39.48,18090654,58.2,12852704,259.88,12911335,720.73,7258436,137.31,6588226,86.99,1454424,617.69,19340553,121.0,7135097,22.53,25437612,391.03,2073138
2021-06-15 00:00:00-04:00,138.65,5185532,80.47,24406003,74.92,2168104,27.84,2839459,15.005,57094763,37.61,48613913,58.01,16316255,258.52,14058679,711.54,5259944,135.58,4664835,86.42,2027549,599.2,16870239,119.45,7263518,22.14,30567587,390.27,2313601
2021-06-16 00:00:00-04:00,136.94,6655442,80.1,28457767,73.82,1785816,28.0,2129480,15.017,64667535,37.07,30275655,57.22,18465952,257.51,21617653,712.18,7118964,134.95,6488263,84.7,2098695,604.79,20818629,118.0033,7583334,21.49,31744823,388.14,3997776
2021-06-17 00:00:00-04:00,137.3,6655658,84.55,74366336,70.5,3247285,29.02,2864548,14.775,117318658,35.14,52825518,57.18,16279302,260.91,21364887,746.33,18944340,135.33,5491002,83.0,3279459,616.6,21222481,119.13,6571624,21.073,30887006,387.94,3859781
2021-06-18 00:00:00-04:00,131.08,9407358,84.64,51846352,68.58,2291506,27.95,2798713,14.5136,63775453,34.95,36686775,55.68,36372176,259.32,26737452,744.65,21316434,133.0,7675104,81.04,4423046,623.32,22325626,115.78,10667173,21.51,28625665,382.8,4646596
2021-06-21 00:00:00-04:00,133.04,4936932,82.59,40651632,70.43,1444633,28.85,3247382,14.77,58626562,35.76,22089827,55.88,15822628,262.63,20902459,737.2,15747592,133.97,4078067,82.09,2014728,620.83,22605684,114.14,10369562,22.0,24800663,388.19,3937896
2021-06-22 00:00:00-04:00,133.44,4904434,83.57,30428207,71.28,1658184,36.87,40789738,14.91,61112555,36.4963,21267284,55.88,15012182,265.51,17932154,755.36,13559470,135.09,5041393,83.13,1276749,623.69,17583065,114.32,10686887,22.51,24026474,390.21,2566832
2021-06-23 00:00:00-04:00,135.51,5586652,83.81,24569657,71.62,1084930,38.04,11287210,15.42,89958080,37.18,20335142,55.26,17390714,265.27,15860725,762.31,7702428,135.54,5820062,83.72,1857658,656.57,28566501,116.04,8323145,22.8,30517312,389.79,2278347
2021-06-24 00:00:00-04:00,138.26,5287684,86.1,40614295,72.78,921118,38.12,5936414,15.27,75205614,37.52,18888790,56.07,16733897,266.64,16700938,768.22,7336088,137.91,6569299,84.83,1271345,679.72,44088006,117.24,6089987,22.64,25474548,392.07,2626561
2021-06-25 00:00:00-04:00,136.19,5258933,85.62,24872752,73.23,946330,39.33,9770961,15.2,56173968,37.24,19311492,55.91,14418028,265.02,15557867,761.27,6079326,137.67,5491936,85.04,991145,671.6,29971264,116.53,5231407,22.67,30962638,393.48,2726191
2021-06-28 00:00:00-04:00,140.99,6078573,87.08,28446485,72.8,1395056,40.06,3938696,14.96,76133294,36.75,13883293,57.48,19411171,268.72,15758609,799.42,11364506,139.73,5085389,84.46,1272711,688.47,20579767,119.61,9489015,22.44,26301476,394.32,2221391
2021-06-29 00:00:00-04:00,141.92,4703069,89.51,44570357,72.82,885496,38.4,3265238,15.02,65325298,37.27,12743427,56.76,23826901,271.4,16522614,801.37,8679392,142.63,6138400,84.58,1265216,680.76,16629908,120.24,5148224,22.8,20136312,393.15,2543283
2021-06-30 00:00:00-04:00,142.39,4520377,93.9276,66521897,72.82,1118481,39.9,3968087,14.85,66231968,37.09,10527555,56.15,24651876,270.89,15264087,800.4,7368316,142.98,4959873,83.885,1176979,679.78,17501754,120.14,6966124,22.82,22636512,393.51,2967642
2021-07-01 00:00:00-04:00,137.92,6987365,93.3,55394978,72.41,902740,38.53,2948947,14.91,47790282,37.09,13019843,56.0,19930955,271.72,13049694,808.48,11372119,140.8,5041318,82.73,1554516,677.92,17652563,118.42,7729467,22.11,25789445,395.75,3143251
2021-07-02 00:00:00-04:00,138.17,4589545,94.6961,49247176,72.97,848939,36.0806,3236025,14.935,39745458,37.15,8142136,56.76,13562499,277.66,20947025,819.48,7811808,142.58,4267421,83.63,1242833,678.9,25565649,118.93,4716566,22.48,19486225,398.81,3786632
2021-07-06 00:00:00-04:00,136.73,5827660,94.47,41325836,72.28,1132095,36.0,3786036,14.5082,67421118,36.0,15633824,56.1,15916513,277.66,24080166,828.02,9943733,141.19,4946836,82.44,1630105,659.49,21785768,120.06,6547089,21.96,24482584,397.94,4086617
2021-07-07 00:00:00-04:00,134.87,5122728,90.52,49644548,74.03,1315632,34.08,2179009,14.2342,65203688,36.22,13800703,55.96,11948571,280.0,19959634,814.86,9359690,139.95,3539430,84.34,2286796,644.85,18091390,118.24,6475579,21.92,21425048,399.36,3983586
2021-07-08 00:00:00-04:00,132.54,7020669,89.76,42930096,73.53,1367653,34.2,4165554,14.07,56420466,34.7,22453355,55.45,15351443,277.53,20138896,796.28,11496325,138.33,5976862,82.49,2139928,653.31,21009964,117.8823,6896049,21.75,23570767,396.1798,5440524
2021-07-09 00:00:00-04:00,134.9,4629230,90.86,33252719,76.49,2113221,34.42,1790747,14.47,61928765,36.5,16724542,55.99,14762545,277.92,19294073,802.01,6675908,141.43,5004344,85.99,1906968,656.99,16736225,120.56,7548598,22.4,15694519,400.32,3113811
2021-07-12 00:00:00-04:00,136.79,4320858,90.8073,27416696,76.5,933461,31.08,5320194,14.61,43826849,36.54,10160606,56.71,12348757,277.32,13358203,820.54,7488598,142.47,5254912,86.03,1192691,685.51,24502946,122.68,9892382,22.32,15374767,401.85,2755441
2021-07-13 00:00:00-04:00,136.28,3909537,90.27,27944056,76.18,1009425,29.47,3387687,14.43,42814393,35.73,13511902,56.87,13122355,280.98,22602039,809.65,6654733,141.19,5062662,85.17,1100659,668.91,19395318,123.89,12614410,22.4,13219518,400.47,3387796
2021-07-14 00:00:00-04:00,135.66,5141678,89.055,26768556,76.05,1954950,28.65,5535031,14.26,35551854,34.52,18155461,56.53,11316427,282.51,19299360,793.66,8853669,143.78,9689514,85.72,1773898,653.34,20840869,124.49,9866367,22.66,19927923,401.01,3158113
2021-07-15 00:00:00-04:00,133.21,5797508,86.93,36536976,76.35,1186963,27.3,3389276,14.01,42181717,34.41,14793001,55.81,15469716,281.04,19423787,758.77,13012738,141.51,5603919,86.28,1326342,650.92,19487217,117.35,21875829,22.52,16941667,399.69,3803777
2021-07-16 00:00:00-04:00,128.18,6902653,85.89,33608193,74.37,1564218,25.3,3223396,13.62,44086256,33.2,22828060,54.97,20174659,280.75,22815110,726.45,16428500,139.71,4842445,82.79,3312519,644.02,15323083,115.74,10689175,22.06,20931339,396.55,3859331
2021-07-19 00:00:00-04:00,128.62,7724767,86.62,37476308,72.34,1793170,25.9,3940333,13.284,93908118,32.41,28949961,54.65,20027158,277.05,25903899,751.19,17175341,138.84,7489401,80.25,2468075,646.41,18988958,115.35,7769933,21.35,24675046,390.69,11829986
2021-07-20 00:00:00-04:00,131.92,6304569,87.12,25521014,73.82,1635415,26.65,2718545,13.91,66504089,32.95,19680394,55.24,15463227,279.32,18633093,186.06,39486660,139.55,4800310,81.44,2314123,660.31,14249603,116.4,6439471,21.62,19697867,396.24,3732567
2021-07-21 00:00:00-04:00,137.99,5556455,89.405,26117006,75.76,1572878,27.58,2289893,14.1925,48783866,34.5361,22902941,56.24,13999655,281.38,18028230,194.1,34042190,142.17,4343647,82.94,1517305,655.23,13097617,117.87,4847019,22.05,18218496,399.5,2762597
2021-07-22 00:00:00-04:00,137.18,5033476,91.21,31589564,75.64,917826,25.99,2556285,13.91,37064323,34.81,19385804,55.96,30058927,286.16,19071088,195.95,30043783,142.48,3037139,82.08,1373948,649.1232,14317862,116.56,5089839,21.95,13094611,400.41,2492286
2021-07-23 00:00:00-04:00,138.42,3596504,92.15,29965432,76.43,1006431,25.83,1877464,13.815,35013358,35.18,15142530,53.0,63374820,289.7,19860738,195.59,17772279,144.88,5373018,82.78,1564127,643.32,13655130,116.81,4924645,21.94,18834671,404.3,3015590
2021-07-26 00:00:00-04:00,138.48,3809284,91.86,25301825,79.03,2021541,24.82,3783919,14.0268,39789330,36.645,21506430,54.33,25177924,289.05,18670988,192.87,17527097,143.495,4679707,86.05,1817910,658.2899,21092626,115.65,6003106,22.54,16366829,405.35,2242464
2021-07-27 00:00:00-04:00,134.91,5733100,91.1,62512232,78.03,2016617,24.94,2912509,13.795,38685622,36.36,16988257,53.18,31946323,287.0,25652275,192.1,22354966,140.94,6237069,82.77,3532423,644.78,31232379,113.56,10473987,22.19,18265935,403.57,3514924
2021-07-28 00:00:00-04:00,137.21,3727571,97.9,136249513,79.12,1533075,26.7,3754964,13.8701,59088182,36.68,13403620,53.07,23459356,286.22,29596382,195.03,17734115,142.44,6929450,86.61,2847744,646.97,14977027,115.08,6343588,22.95,22965465,403.42,3621222
2021-07-29 00:00:00-04:00,137.5,4791751,102.95,160652034,80.25,2234103,27.81,4020270,14.39,101969152,38.475,21611911,53.7,14440722,286.48,14861053,196.58,16599826,150.99,18160700,88.68,3134413,677.36,28853702,116.15,6550796,22.87,29326844,405.1,2116896
2021-07-30 00:00:00-04:00,139.92,7244799,106.22,122644096,78.56,1148154,27.56,2115830,13.96,68753571,38.1,14045426,53.72,12611338,284.95,16325594,194.89,14541397,149.81,7335338,86.31,2090546,687.6,27669216,116.66,5533241,21.01,40282196,403.12,4130769
2021-08-02 00:00:00-04:00,142.01,8795813,108.63,112918930,78.41,1288492,27.51,1633183,13.92,60783449,36.63,20793522,53.69,14172521,284.83,13305162,197.5,19888712,148.85,10047310,87.3,2345868,709.66,31238339,116.85,4954720,21.21,25194950,402.29,3917662
2021-08-03 00:00:00-04:00,142.16,4307723,112.56,155355837,79.75,1636575,26.56,1604437,14.03,50155191,36.64,16113287,54.06,13516817,287.12,14473180,198.15,28850136,147.95,5398927,89.39,2366069,709.86,20451195,118.41,5541199,21.74,34336881,405.56,3727472
2021-08-04 00:00:00-04:00,142.72,4447748,118.76,220729093,79.03,1468922,26.26,1395483,13.32,76473322,35.65,10452951,53.89,14493839,286.46,13255592,202.74,21018444,148.23,4798483,88.53,1847966,710.91,15577340,118.74,3949643,21.69,30212383,403.6,3497368
2021-08-05 00:00:00-04:00,142.28,3624094,112.35,134601377,77.02,1842433,28.05,3497799,13.71,55101382,35.85,9849904,53.9,13753637,289.55,11786498,206.37,19406161,146.84,6526366,84.76,3290650,714.63,12055445,119.24,3563281,20.98,30574640,406.13,2782770
2021-08-06 00:00:00-04:00,142.65,3331319,110.1,139597365,76.7,909410,27.66,1436853,13.79,41520679,36.86,13075110,53.92,12836036,289.46,10908082,203.64,15770112,146.33,4781125,84.96,1592047,698.89,14266871,118.25,3859855,20.925,22194274,406.83,2225653
2021-08-09 00:00:00-04:00,141.99,3331807,107.58,111919171,76.54,921903,28.35,2685973,13.76,35311573,36.47,8902570,54.04,12503404,288.36,11951632,202.95,12407347,146.915,3845765,85.57,1920457,713.73,13158590,118.22,3986236,20.84,16442963,406.51,1890348
2021-08-10 00:00:00-04:00,138.1,5797795,106.48,110855096,77.52,1653229,34.48,42839959,13.81,30036921,38.21,16512126,53.94,13435280,286.49,14614279,199.39,16346514,145.91,3612027,86.98,1991471,709.99,12217890,116.34,4794465,21.15,17263529,406.92,2286440
2021-08-11 00:00:00-04:00,134.83,7162109,107.67,89808928,77.86,891944,33.85,10419216,13.935,39762091,38.73,15194584,54.13,15178267,286.98,11365812,196.99,16146951,146.71,4284047,86.1,3241064,707.84,9070550,115.99,4213870,21.04,13666694,407.96,2612952
2021-08-12 00:00:00-04:00,129.21,11839569,106.5,59046057,76.79,1347825,33.32,3080141,13.9,33919829,38.39,10608474,53.54,12990112,289.65,11218889,199.02,13821394,147.15,5039070,79.16,2761541,722.1983,16743143,115.69,5157880,20.88,16260076,409.13,2243163
2021-08-13 00:00:00-04:00,129.9,8055195,110.55,96754429,77.82,1326182,30.15,4125493,13.59,42117190,38.1,12076827,53.5,13656001,292.86,15288984,201.89,16795226,148.64,5037023,79.48,2220178,717.28,15123022,115.51,4094409,20.64,15465535,409.94,2045891
2021-08-16 00:00:00-04:00,131.7,6202945,107.47,71026415,75.82,2189154,28.76,4042861,13.46,34039390,36.85,12066717,53.47,12750019,294.66,17516460,199.56,18655491,148.13,3848897,78.03,2969094,686.15,20921438,114.66,5167731,20.63,20157986,411.01,3110980
2021-08-17 00:00:00-04:00,128.8,7456285,107.56,72324933,69.83,10048311,27.6,3678354,12.9855,71423453,34.7058,22177354,52.7,18274469,293.21,16502071,194.57,17835425,144.4204,5978266,76.81,3148201,665.86,22100268,111.1,12628668,20.33,25423296,408.25,5047390
2021-08-18 00:00:00-04:00,127.37,5809225,103.43,74759049,65.47,7883797,28.1,3399853,13.0,46169054,33.89,16793394,52.19,12087916,290.73,17378077,190.4,23367960,142.18,5680940,74.13,3215146,689.29,18588361,110.4,7779104,19.31,37924455,403.81,4450857
2021-08-19 00:00:00-04:00,129.21,7573804,103.68,69119502,62.83,7158196,27.23,2403168,12.66,62549922,32.42,30611542,52.45,18634480,296.81,25184591,197.94,73397611,140.65,6778156,72.43,5043675,673.47,13116083,110.53,11338637,18.05,55478575,404.39,5119069
2021-08-20 00:00:00-04:00,127.21,12415893,104.64,53094993,63.6,4453309,27.87,2016788,12.58,49415762,32.79,18134482,52.01,22434351,304.26,36482390,208.1601,64075512,142.09,4774399,72.5,2557729,680.09,13511215,108.1,12214767,18.22,29475170,407.58,3060242
2021-08-23 00:00:00-04:00,131.5,6786561,108.78,66093530,64.4338,2801385,29.21,2764529,12.73,57275609,34.21,14562610,53.23,19562343,304.58,18606383,219.5669,52038515,144.12,5319769,73.0,1866395,706.18,18960307,110.97,8123223,17.91,28096716,411.2,3063579
2021-08-24 00:00:00-04:00,131.44,5781999,107.65,49514575,65.23,2649326,30.21,3027740,13.08,49036600,35.21,14189796,53.82,17881867,302.69,14480631,217.91,27920563,144.48,4379115,75.09,2390362,708.4794,12195272,112.11,6227287,18.925,40646717,411.85,2823746
2021-08-25 00:00:00-04:00,132.82,5899132,108.29,44117790,65.81,2988804,29.64,2392220,13.17,45418131,35.105,9026607,53.81,12471462,302.0,15539941,222.08,32998617,143.87,4397624,75.41,1413713,711.01,11700325,117.03,21213941,19.09,17121693,412.69,3014173
2021-08-26 00:00:00-04:00,132.49,3586600,107.26,50590265,64.85,2390613,28.71,1821652,12.9,51934039,34.54,10376864,53.13,16484580,299.06,15362606,220.68,21775527,142.38,6350662,74.01,1759319,701.15,12542023,118.1,9200522,18.77,14045403,410.34,4262572
2021-08-27 00:00:00-04:00,136.51,7018514,111.39,59166727,66.58,2898635,29.97,1785673,13.32,54313716,36.56,17659153,53.89,13842793,299.65,19223507,226.37,28634767,144.84,4738029,75.84,1710091,711.75,12911642,118.49,6312907,19.45,14806193,413.9,3660082
2021-08-30 00:00:00-04:00,136.05,4113942,111.3,54130876,67.69,2095838,30.16,1995275,13.05,39861751,36.645,12605935,53.95,12142681,303.56,13157640,226.85,24193433,145.93,4620969,76.06,1161054,730.83,17730055,118.97,6126174,19.32,15400021,415.76,2659464
2021-08-31 00:00:00-04:00,135.19,4395341,110.705,46772999,66.14,3356345,30.43,1852240,13.04,34379952,36.39,13317539,54.07,15904498,301.92,17377153,223.78,21106002,146.74,5823487,75.08,2120938,735.76,16877243,119.01,7452436,19.055,20132946,415.18,4809959
2021-09-01 00:00:00-04:00,133.45,4678787,109.97,37251391,65.27,3160179,31.86,3662260,13.12,54162795,35.9,15353810,53.67,15678617,301.8538,15212397,224.42,18145599,146.45,5763820,74.91,2371488,734.08,12003545,120.46,7895565,19.09,20877110,415.42,3002144
2021-09-02 00:00:00-04:00,134.45,4556795,109.19,38964692,61.88,4114857,32.42,2439547,13.02,46138529,36.27,10148041,53.73,11823133,301.16,12818451,224.01,17164099,145.09,4924119,75.27,2211645,732.39,12093852,120.82,6570888,19.08,19387342,416.68,2740921
2021-09-03 00:00:00-04:00,135.83,3843666,109.9098,40923717,63.0,3170860,31.96,1854907,12.89,38656271,36.14,11067959,53.51,10797653,301.15,10544962,228.41,25879147,144.65,4242995,75.87,1993824,733.75,13992007,123.98,9818838,19.07,20132277,416.58,3513164
2021-09-07 00:00:00-04:00,136.5,4928905,109.09,27354254,61.96,3112859,32.75,1850303,12.95,59616192,36.36,9523772,53.65,11659811,300.1747,14348493,226.58,17812971,143.74,4514260,74.55,2064174,752.74,18747758,124.7,7824749,18.71,13536594,415.12,3237444
2021-09-08 00:00:00-04:00,133.58,6103376,106.18,40689293,61.0,2575754,31.05,2316564,13.03,52710128,34.38,16786889,53.59,15939162,300.23,11955818,223.38,23522150,142.53,4230811,73.55,2626638,753.887,17459064,121.88,7326198,17.98,31696652,414.6,3662950
2021-09-09 00:00:00-04:00,135.0,5375395,106.14,30227387,60.42,2733243,32.05,2186044,12.76,66112460,34.82,11532991,53.39,11453714,297.22,16448302,221.77,18409129,141.57,4337398,72.07,3269638,754.86,13296489,122.68,4565751,18.05,42015295,412.76,3764382
2021-09-10 00:00:00-04:00,136.85,8289008,105.22,31036049,60.86,1608490,30.95,2052061,12.68,44538228,35.48,19714817,53.84,17055188,295.7,16520171,224.7314,22835400,142.69,5296391,73.17,3072747,736.24,14236852,122.9,4890927,18.025,29153395,409.63,3880330
2021-09-13 00:00:00-04:00,139.44,7678438,104.79,36495901,61.09,3054061,30.47,1751919,12.99,52500957,35.29,12736349,55.0,18639200,297.02,17945801,221.55,26438477,143.44,3503120,73.76,2987464,743.12,21881630,123.62,6283645,18.08,20263733,410.58,4559616
2021-09-14 00:00:00-04:00,140.14,7113233,105.71,39534725,59.83,3157732,29.86,1823925,12.86,44512690,34.79,13755913,54.541,16062240,299.92,17605322,222.52,17876192,141.14,5253097,72.69,2802310,744.54,17747138,123.08,4820074,17.83,28083079,408.37,3461757
2021-09-15 00:00:00-04:00,141.24,4920828,105.6,36609065,60.32,3515408,30.16,1062635,13.2136,55625773,36.75,17403965,55.13,12652583,304.84,22595294,223.45,14861025,138.24,9524610,73.56,2331756,755.87,14354154,121.5,5120923,17.62,26112870,411.79,3545737
2021-09-16 00:00:00-04:00,144.05,7534315,106.22,37106146,58.11,3308194,30.62,2327385,13.4,73097074,34.29,32425432,54.83,15067021,305.29,15230748,222.43,14072975,138.46,5769354,70.14,3678438,756.91,12565610,120.75,6905861,16.71,40480376,411.11,3136929
2021-09-17 00:00:00-04:00,140.8,7013359,103.87,37730356,55.53,5809349,29.99,2204861,13.555,63365709,33.04,32272484,54.27,19934008,299.81,25813544,218.93,20916842,133.6,11676346,68.03,6510328,760.05,18472618,117.71,8262089,16.305,52554569,407.11,5151805
2021-09-20 00:00:00-04:00,135.56,6870640,101.56,42537201,54.02,5312715,27.9,2347322,12.82,117340419,31.1791,35394808,52.98,23693260,294.26,30460159,211.13,31328669,132.77,7819486,66.06,6582119,730.26,22441736,114.69,8032501,15.645,64986425,400.43,10447813
2021-09-21 00:00:00-04:00,135.18,5196327,102.8,33527214,54.55,3474444,28.34,1964287,12.77,53718097,30.47,34143192,52.86,14111274,294.72,19019834,212.39,18866753,131.75,5307675,65.37,5918707,739.38,14922085,114.96,7049744,15.8873,32065880,400.0405,6143394
2021-09-22 00:00:00-04:00,138.1,5499382,104.3874,32420839,55.01,5170304,29.0,1343670,13.24,68361903,31.57,27156375,53.5,13342809,298.58,21832759,219.42,24128559,133.01,4283930,66.61,5814441,751.75,13586028,115.93,4865158,16.42,50059762,403.86,5462282
2021-09-23 00:00:00-04:00,141.11,5022612,106.15,31320213,55.06,8138224,29.49,1307111,13.7,65450567,32.115,18033457,54.04,13097014,299.54,14811383,224.82,22811471,133.91,5009055,67.05,3561548,753.68,11244060,116.18,4942588,14.82,48252357,408.73,3747855
2021-09-24 00:00:00-04:00,141.94,3235463,105.8,25412547,54.53,3004601,29.15,1488537,13.78,52066001,32.23,13873122,54.22,9760591,299.35,12285299,220.83,18829897,133.86,3821370,66.7695,3280825,774.54,20458573,115.62,4194719,14.49,33550901,409.46,3204191
2021-09-27 00:00:00-04:00,142.74,4500169,108.14,50368251,55.07,3129419,29.8,1323481,14.169,63099249,33.91,21196302,54.66,11111511,294.17,19707219,216.56,22134085,133.52,3477149,67.54,3328176,791.4,26193857,116.16,4333765,14.55,44261902,408.31,3370305
2021-09-28 00:00:00-04:00,132.91,10774137,101.52,71109820,52.55,6039317,28.55,1220898,14.315,96226953,33.57,18343523,54.0,18960247,283.52,35639238,206.94,31364009,129.9,7168409,65.85,4954738,777.56,23562104,111.86,9085028,13.8,39804576,400.09,7903801
